id,masked_report_placeholders,placeholder_sidecar,replacements_json,filled_report,report,metadata,_verbatim_date_spans,_all_date_spans,_verbatim_phone_spans,_all_phone_spans,patientFirstName,patientMiddleName,patientLastName,patientName,patientHonorific,patientBirthDate,admissionDate,dischargeDate,deathDate,otherDateElements,patientAge,patientPhoneNumber,patientFaxNumber,patientEmail,patientSSN,patientMRN,healthPlanBeneficiaryNumber,accountNumber,certificateOrLicenseNumber,patientAddress,patientStreet,patientHouseNumber,patientCity,patientCounty,patientPrecinct,patientPostalCode,patientState,geocode,vehicleIdentifier,vehicleVIN,vehicleLicensePlate,deviceIdentifier,deviceSerialNumber,url,ipAddress,otherUniqueIdOrCode,patientID,doctorFirstName,doctorLastName,personal_info_list,masked_report_legacy
note_cardiology_formal_20251011_201845_0001.txt$e3c980c4-f9ad-4783-9a0e-f5c66cf30d58,"The patient, [NAME_1], was admitted to the cardiology unit on [DATE_1] presenting symptoms of chest pain and shortness of breath. His medical history includes hypertension and hyperlipidemia. The patient, born on [DATE_2] resides at [ADDRESS_1]. During his stay, he was under the care of [NAME_2]y [NAME_3], who recommended a series of cardiac tests. Mr. [NAME_1]'s discharge is scheduled for [DATE_3] For follow-up appointments, he can be reached at [PHONE_1] or via email at [EMAIL_1]. His health insurance is identified by the beneficiary number [SSN_1].","{""doc_id"": ""note_cardiology_formal_20251011_201845_0001.txt$e3c980c4-f9ad-4783-9a0e-f5c66cf30d58"", ""placeholders"": [{""ph"": ""[NAME_1]"", ""type"": ""NAME"", ""span"": {""start"": 13, ""end"": 21}, ""surface"": ""John Doe"", ""attrs"": {""source_key"": ""patientName"", ""name_signature"": [""doe"", ""j""]}}, {""ph"": ""[DATE_1]"", ""type"": ""DATE"", ""span"": {""start"": 62, ""end"": 81}, ""surface"": ""September 15, 2023,"", ""attrs"": {""source_key"": ""_verbatim_date_spans"", ""name_signature"": null}}, {""ph"": ""[DATE_2]"", ""type"": ""DATE"", ""span"": {""start"": 224, ""end"": 239}, ""surface"": ""March 12, 1967,"", ""attrs"": {""source_key"": ""_verbatim_date_spans"", ""name_signature"": null}}, {""ph"": ""[ADDRESS_1]"", ""type"": ""ADDRESS"", ""span"": {""start"": 251, ""end"": 290}, ""surface"": ""1234 Elm Street, Springfield, IL, 62704"", ""attrs"": {""source_key"": ""patientAddress"", ""name_signature"": null}}, {""ph"": ""[NAME_2]"", ""type"": ""NAME"", ""span"": {""start"": 334, ""end"": 342}, ""surface"": ""Dr. Emil"", ""attrs"": {""source_key"": ""doctorFirstName"", ""name_signature"": [""emil"", null]}}, {""ph"": ""[NAME_3]"", ""type"": ""NAME"", ""span"": {""start"": 344, ""end"": 349}, ""surface"": ""Smith"", ""attrs"": {""source_key"": ""doctorLastName"", ""name_signature"": [""smith"", null]}}, {""ph"": ""[NAME_1]"", ""type"": ""NAME"", ""span"": {""start"": 398, ""end"": 401}, ""surface"": ""Doe"", ""attrs"": {""source_key"": ""patientMiddleName"", ""name_signature"": [""doe"", null]}}, {""ph"": ""[DATE_3]"", ""type"": ""DATE"", ""span"": {""start"": 431, ""end"": 450}, ""surface"": ""September 20, 2023."", ""attrs"": {""source_key"": ""_verbatim_date_spans"", ""name_signature"": null}}, {""ph"": ""[PHONE_1]"", ""type"": ""PHONE"", ""span"": {""start"": 500, ""end"": 514}, ""surface"": ""(217) 555-0123"", ""attrs"": {""source_key"": ""_all_phone_spans"", ""name_signature"": null}}, {""ph"": ""[EMAIL_1]"", ""type"": ""EMAIL"", ""span"": {""start"": 531, ""end"": 551}, ""surface"": ""john.doe@example.com"", ""attrs"": {""source_key"": ""patientEmail"", ""name_signature"": null}}, {""ph"": ""[SSN_1]"", ""type"": ""SSN"", ""span"": {""start"": 614, ""end"": 625}, ""surface"": ""789-123-456"", ""attrs"": {""source_key"": ""patientSSN"", ""name_signature"": null}}]}",{"replacements": []},"The patient, [NAME_1], was admitted to the cardiology unit on [DATE_1] presenting symptoms of chest pain and shortness of breath. His medical history includes hypertension and hyperlipidemia. The patient, born on [DATE_2] resides at [ADDRESS_1]. During his stay, he was under the care of [NAME_2]y [NAME_3], who recommended a series of cardiac tests. Mr. [NAME_1]'s discharge is scheduled for [DATE_3] For follow-up appointments, he can be reached at [PHONE_1] or via email at [EMAIL_1]. His health insurance is identified by the beneficiary number [SSN_1].","The patient, John Doe, was admitted to the cardiology unit on September 15, 2023, presenting symptoms of chest pain and shortness of breath. His medical history includes hypertension and hyperlipidemia. The patient, born on March 12, 1967, resides at 1234 Elm Street, Springfield, IL, 62704. During his stay, he was under the care of Dr. Emily Smith, who recommended a series of cardiac tests. Mr. Doe's discharge is scheduled for September 20, 2023. For follow-up appointments, he can be reached at (217) 555-0123 or via email at john.doe@example.com. His health insurance is identified by the beneficiary number 789-123-456.","{""preprocessing"": {""date"": ""2025-10-20 01:53:07""}, ""llm_processing"": {""model_name"": ""tinyllama-1.1b-chat-v1.0.Q4_K_M.gguf"", ""prompt"": ""You are a helpful medical assistant. Below you will find reports. Please extract the requested information verbatim from the report. Make sure you the content you ouput follows exactly the same format such as data and address as in the original report. If you do not find the information, respond with null. Please generate in the same format as in the text. \n\nThis is the report:\n{report}"", ""symptoms"": [""Patienteninfos""], ""temperature"": 0.1, ""n_predict"": 4000, ""ctx_size"": 5096, ""grammar"": ""\nroot   ::= allrecords\nvalue  ::= object | array | string | number | (\""true\"" | \""false\"" | \""null\"") ws\nageval ::= \""\\\""\\\""\"" ws | \""\\\""\"" [0-9]{1,3} ( \"" \""?( \""years\"" | \""year\"" | \""yrs\"" | \""yo\"" ) )? \""\\\""\"" ws\n\n# -------------------------\n# All HIPAA identifiers as fields (strings or empty \""\""), plus existing fields\n# -------------------------\nallrecords ::= (\n  \""{\""\n  ws \""\\\""patientFirstName\\\"":\"" ws string \"",\""\n  ws \""\\\""patientMiddleName\\\"":\"" ws string \"",\""\n  ws \""\\\""patientLastName\\\"":\"" ws string \"",\""\n  ws \""\\\""patientName\\\"":\"" ws string \"",\""\n  ws \""\\\""patientHonorific\\\"":\"" ws string \"",\""\n\n  ws \""\\\""patientBirthDate\\\"":\"" ws string \"",\""\n  ws \""\\\""admissionDate\\\"":\"" ws string \"",\""\n  ws \""\\\""dischargeDate\\\"":\"" ws string \"",\""\n  ws \""\\\""deathDate\\\"":\"" ws string \"",\""\n  ws \""\\\""otherDateElements\\\"":\"" ws string \"",\""\n  ws \""\\\""patientAge\\\"":\"" ws ageval \"",\""\n\n  ws \""\\\""patientPhoneNumber\\\"":\"" ws string \"",\""\n  ws \""\\\""patientFaxNumber\\\"":\"" ws string \"",\""\n  ws \""\\\""patientEmail\\\"":\"" ws string \"",\""\n\n  ws \""\\\""patientSSN\\\"":\"" ws string \"",\""\n  ws \""\\\""patientMRN\\\"":\"" ws string \"",\""\n  ws \""\\\""healthPlanBeneficiaryNumber\\\"":\"" ws string \"",\""\n  ws \""\\\""accountNumber\\\"":\"" ws string \"",\""\n  ws \""\\\""certificateOrLicenseNumber\\\"":\"" ws string \"",\""\n\n  ws \""\\\""patientAddress\\\"":\"" ws string \"",\""\n  ws \""\\\""patientStreet\\\"":\"" ws string \"",\""\n  ws \""\\\""patientHouseNumber\\\"":\"" ws string \"",\""\n  ws \""\\\""patientCity\\\"":\"" ws string \"",\""\n  ws \""\\\""patientCounty\\\"":\"" ws string \"",\""\n  ws \""\\\""patientPrecinct\\\"":\"" ws string \"",\""\n  ws \""\\\""patientPostalCode\\\"":\"" ws postalcode \"",\""\n  ws \""\\\""patientState\\\"":\"" ws string \"",\""\n  ws \""\\\""geocode\\\"":\"" ws string \"",\""\n\n  ws \""\\\""vehicleIdentifier\\\"":\"" ws string \"",\""\n  ws \""\\\""vehicleVIN\\\"":\"" ws string \"",\""\n  ws \""\\\""vehicleLicensePlate\\\"":\"" ws string \"",\""\n\n  ws \""\\\""deviceIdentifier\\\"":\"" ws string \"",\""\n  ws \""\\\""deviceSerialNumber\\\"":\"" ws string \"",\""\n\n  ws \""\\\""url\\\"":\"" ws string \"",\""\n  ws \""\\\""ipAddress\\\"":\"" ws string \"",\""\n\n  ws \""\\\""otherUniqueIdOrCode\\\"":\"" ws string \"",\""\n\n  ws \""\\\""patientID\\\"":\"" ws idlike \"",\""\n  ws \""\\\""doctorFirstName\\\"":\"" ws string \"",\""\n  ws \""\\\""doctorLastName\\\"":\"" ws string \"",\""\n  ws \""}\""\n)\n\n# -------------------------\n# JSON value forms\n# -------------------------\nrecord ::= (\n    \""{\""\n    ws \""\\\""excerpt\\\"":\"" ws ( string | \""null\"" ) \"",\""\n    ws \""\\\""present\\\"":\"" ws (\""true\"" | \""false\"") ws\n    ws \""}\""\n    ws\n)\n\nobject ::= \""{\"" ws ( string \"":\"" ws value (\"",\"" ws string \"":\"" ws value)* )? \""}\"" ws\narray  ::= \""[\"" ws ( value (\"",\"" ws value)* )? \""]\"" ws\n\n# -------------------------\n# Strings / numbers\n# -------------------------\nchar   ::= [^\""\\\\] | \""\\\\\"" ([\""\\\\/bfnrt] | \""u\"" [0-9a-fA-F]{4})\nstring ::= \""\\\""\"" (char)* \""\\\""\"" ws\nnumber ::= \""-\""? ( [0-9] | [1-9] [0-9]* ) (\"".\"" [0-9]+)? ( [eE] [-+]? [0-9]+ )? ws\n\n# -------------------------\n# Patterns\n# -------------------------\npostalcode ::= ( \""\\\""\"" [0-9]{5} ( \""-\"" [0-9]{4} )? \""\\\""\"" | \""\\\""\\\""\"" ) ws\nidlike     ::= ( \""\\\""\"" [0-9]{7,8} \""\\\""\"" | \""\\\""\\\""\"" ) ws\n\n# Optional space\nws     ::= ([ \\t\\n])?\n"", ""date"": ""2025-10-21 19:38:39""}}","['September 20, 2023.', 'September 15, 2023,', 'March 12, 1967,']","['September', 'September 15, 2023,', 'September 20, 2023.', 'March', 'March 12, 1967,']",[],['(217) 555-0123'],['John'],['Doe'],['Doe'],['John Doe'],['John Doe'],['1967-03-12'],['15-09-2023'],['20-09-2023'],['20-09-2023'],['2023-09-20'],['62'],['1234'],['555-0123'],['john.doe@example.com'],['789-123-456'],['123456789'],['789-123-456'],['123456789'],['123456789'],"['1234 Elm Street, Springfield, IL, 62704']",['Elm Street'],['1234'],['Springfield'],['IL'],['62704'],['62704'],['IL'],"['41.983333,-87.666667']",['123456789'],['123456789'],['ABC123'],['123456789'],['123456789'],['https://example.com'],['123.456.789.012'],['1234567890123'],['12345678'],['Dr. Emil'],['Smith'],"['John', 'Doe', 'Doe', 'John Doe', 'John Doe', '1967-03-12', '15-09-2023', '20-09-2023', '20-09-2023', '2023-09-20', '62', '1234', '555-0123', 'john.doe@example.com', '789-123-456', '123456789', '789-123-456', '123456789', '123456789', '1234 Elm Street, Springfield, IL, 62704', 'Elm Street', '1234', 'Springfield', 'IL', '62704', '62704', 'IL', '41.983333,-87.666667', '123456789', '123456789', 'ABC123', '123456789', '123456789', 'https://example.com', '123.456.789.012', '1234567890123', '12345678', 'Dr. Emil', 'Smith']","The patient, ■■■■■■■■, was admitted to the cardiology unit on September 15, 2023, presenting symptoms of chest pain and shortness of breath. His medical history includes hypertension and hyperlipidemia. The patient, born on March 12, 1967, resides at ■■■■■■■■■■■■■■■■■■■■■■■■■■■■■■■■■■■■■■■. During his stay, he was under the care of ■■■■■■■■y ■■■■■, who recommended a series of cardiac tests. Mr. ■■■'s discharge is scheduled for September 20, 2023. For follow-up appointments, he can be reached at (217) ■■■■■■■■ or via email at ■■■■■■■■■■■■■■■■■■■■. His health insurance is identified by the beneficiary number ■■■■■■■■■■■."
note_cardiology_formal_20251011_201927_0010.txt$458827e1-723c-4e20-a94f-e72252916523,"The patient, [NAME_1] [NAME_2], was admitted to the cardiology unit on [DATE_1] following complaints of chest pain. His date of birth is [DATE_2] making him 58 years old. He resides at [ADDRESS_1]. During the admission, his primary cardiologist, [NAME_3], diagnosed him with acute coronary syndrome. The patient was discharged on [DATE_3] with a follow-up appointment scheduled in two weeks. For any further inquiries, he can be contacted at [PHONE_1] or via email at [EMAIL_1].","{""doc_id"": ""note_cardiology_formal_20251011_201927_0010.txt$458827e1-723c-4e20-a94f-e72252916523"", ""placeholders"": [{""ph"": ""[NAME_1]"", ""type"": ""NAME"", ""span"": {""start"": 13, ""end"": 17}, ""surface"": ""John"", ""attrs"": {""source_key"": ""patientFirstName"", ""name_signature"": [""john"", null]}}, {""ph"": ""[NAME_2]"", ""type"": ""NAME"", ""span"": {""start"": 18, ""end"": 23}, ""surface"": ""Smith"", ""attrs"": {""source_key"": ""patientMiddleName"", ""name_signature"": [""smith"", null]}}, {""ph"": ""[DATE_1]"", ""type"": ""DATE"", ""span"": {""start"": 64, ""end"": 74}, ""surface"": ""2023-06-15"", ""attrs"": {""source_key"": ""admissionDate"", ""name_signature"": null}}, {""ph"": ""[DATE_2]"", ""type"": ""DATE"", ""span"": {""start"": 132, ""end"": 143}, ""surface"": ""1965-05-20,"", ""attrs"": {""source_key"": ""_verbatim_date_spans"", ""name_signature"": null}}, {""ph"": ""[ADDRESS_1]"", ""type"": ""ADDRESS"", ""span"": {""start"": 183, ""end"": 220}, ""surface"": ""123 Heart Lane, Cardiotown, CA, 90210"", ""attrs"": {""source_key"": ""patientAddress"", ""name_signature"": null}}, {""ph"": ""[NAME_3]"", ""type"": ""NAME"", ""span"": {""start"": 270, ""end"": 285}, ""surface"": ""Dr. Emily Brown"", ""attrs"": {""source_key"": ""doctorFirstName"", ""name_signature"": [""brown"", ""e""]}}, {""ph"": ""[DATE_3]"", ""type"": ""DATE"", ""span"": {""start"": 361, ""end"": 371}, ""surface"": ""2023-06-20"", ""attrs"": {""source_key"": ""dischargeDate"", ""name_signature"": null}}, {""ph"": ""[PHONE_1]"", ""type"": ""PHONE"", ""span"": {""start"": 475, ""end"": 483}, ""surface"": ""555-0199"", ""attrs"": {""source_key"": ""patientPhoneNumber"", ""name_signature"": null}}, {""ph"": ""[EMAIL_1]"", ""type"": ""EMAIL"", ""span"": {""start"": 500, ""end"": 518}, ""surface"": ""jsmith@example.com"", ""attrs"": {""source_key"": ""patientEmail"", ""name_signature"": null}}]}",{"replacements": []},"The patient, [NAME_1] [NAME_2], was admitted to the cardiology unit on [DATE_1] following complaints of chest pain. His date of birth is [DATE_2] making him 58 years old. He resides at [ADDRESS_1]. During the admission, his primary cardiologist, [NAME_3], diagnosed him with acute coronary syndrome. The patient was discharged on [DATE_3] with a follow-up appointment scheduled in two weeks. For any further inquiries, he can be contacted at [PHONE_1] or via email at [EMAIL_1].","The patient, John Smith, was admitted to the cardiology unit on 2023-06-15 following complaints of chest pain. His date of birth is 1965-05-20, making him 58 years old. He resides at 123 Heart Lane, Cardiotown, CA, 90210. During the admission, his primary cardiologist, Dr. Emily Brown, diagnosed him with acute coronary syndrome. The patient was discharged on 2023-06-20 with a follow-up appointment scheduled in two weeks. For any further inquiries, he can be contacted at 555-0199 or via email at jsmith@example.com.","{""preprocessing"": {""date"": ""2025-10-20 01:53:07""}, ""llm_processing"": {""model_name"": ""tinyllama-1.1b-chat-v1.0.Q4_K_M.gguf"", ""prompt"": ""You are a helpful medical assistant. Below you will find reports. Please extract the requested information verbatim from the report. Make sure you the content you ouput follows exactly the same format such as data and address as in the original report. If you do not find the information, respond with null. Please generate in the same format as in the text. \n\nThis is the report:\n{report}"", ""symptoms"": [""Patienteninfos""], ""temperature"": 0.1, ""n_predict"": 4000, ""ctx_size"": 5096, ""grammar"": ""\nroot   ::= allrecords\nvalue  ::= object | array | string | number | (\""true\"" | \""false\"" | \""null\"") ws\nageval ::= \""\\\""\\\""\"" ws | \""\\\""\"" [0-9]{1,3} ( \"" \""?( \""years\"" | \""year\"" | \""yrs\"" | \""yo\"" ) )? \""\\\""\"" ws\n\n# -------------------------\n# All HIPAA identifiers as fields (strings or empty \""\""), plus existing fields\n# -------------------------\nallrecords ::= (\n  \""{\""\n  ws \""\\\""patientFirstName\\\"":\"" ws string \"",\""\n  ws \""\\\""patientMiddleName\\\"":\"" ws string \"",\""\n  ws \""\\\""patientLastName\\\"":\"" ws string \"",\""\n  ws \""\\\""patientName\\\"":\"" ws string \"",\""\n  ws \""\\\""patientHonorific\\\"":\"" ws string \"",\""\n\n  ws \""\\\""patientBirthDate\\\"":\"" ws string \"",\""\n  ws \""\\\""admissionDate\\\"":\"" ws string \"",\""\n  ws \""\\\""dischargeDate\\\"":\"" ws string \"",\""\n  ws \""\\\""deathDate\\\"":\"" ws string \"",\""\n  ws \""\\\""otherDateElements\\\"":\"" ws string \"",\""\n  ws \""\\\""patientAge\\\"":\"" ws ageval \"",\""\n\n  ws \""\\\""patientPhoneNumber\\\"":\"" ws string \"",\""\n  ws \""\\\""patientFaxNumber\\\"":\"" ws string \"",\""\n  ws \""\\\""patientEmail\\\"":\"" ws string \"",\""\n\n  ws \""\\\""patientSSN\\\"":\"" ws string \"",\""\n  ws \""\\\""patientMRN\\\"":\"" ws string \"",\""\n  ws \""\\\""healthPlanBeneficiaryNumber\\\"":\"" ws string \"",\""\n  ws \""\\\""accountNumber\\\"":\"" ws string \"",\""\n  ws \""\\\""certificateOrLicenseNumber\\\"":\"" ws string \"",\""\n\n  ws \""\\\""patientAddress\\\"":\"" ws string \"",\""\n  ws \""\\\""patientStreet\\\"":\"" ws string \"",\""\n  ws \""\\\""patientHouseNumber\\\"":\"" ws string \"",\""\n  ws \""\\\""patientCity\\\"":\"" ws string \"",\""\n  ws \""\\\""patientCounty\\\"":\"" ws string \"",\""\n  ws \""\\\""patientPrecinct\\\"":\"" ws string \"",\""\n  ws \""\\\""patientPostalCode\\\"":\"" ws postalcode \"",\""\n  ws \""\\\""patientState\\\"":\"" ws string \"",\""\n  ws \""\\\""geocode\\\"":\"" ws string \"",\""\n\n  ws \""\\\""vehicleIdentifier\\\"":\"" ws string \"",\""\n  ws \""\\\""vehicleVIN\\\"":\"" ws string \"",\""\n  ws \""\\\""vehicleLicensePlate\\\"":\"" ws string \"",\""\n\n  ws \""\\\""deviceIdentifier\\\"":\"" ws string \"",\""\n  ws \""\\\""deviceSerialNumber\\\"":\"" ws string \"",\""\n\n  ws \""\\\""url\\\"":\"" ws string \"",\""\n  ws \""\\\""ipAddress\\\"":\"" ws string \"",\""\n\n  ws \""\\\""otherUniqueIdOrCode\\\"":\"" ws string \"",\""\n\n  ws \""\\\""patientID\\\"":\"" ws idlike \"",\""\n  ws \""\\\""doctorFirstName\\\"":\"" ws string \"",\""\n  ws \""\\\""doctorLastName\\\"":\"" ws string \"",\""\n  ws \""}\""\n)\n\n# -------------------------\n# JSON value forms\n# -------------------------\nrecord ::= (\n    \""{\""\n    ws \""\\\""excerpt\\\"":\"" ws ( string | \""null\"" ) \"",\""\n    ws \""\\\""present\\\"":\"" ws (\""true\"" | \""false\"") ws\n    ws \""}\""\n    ws\n)\n\nobject ::= \""{\"" ws ( string \"":\"" ws value (\"",\"" ws string \"":\"" ws value)* )? \""}\"" ws\narray  ::= \""[\"" ws ( value (\"",\"" ws value)* )? \""]\"" ws\n\n# -------------------------\n# Strings / numbers\n# -------------------------\nchar   ::= [^\""\\\\] | \""\\\\\"" ([\""\\\\/bfnrt] | \""u\"" [0-9a-fA-F]{4})\nstring ::= \""\\\""\"" (char)* \""\\\""\"" ws\nnumber ::= \""-\""? ( [0-9] | [1-9] [0-9]* ) (\"".\"" [0-9]+)? ( [eE] [-+]? [0-9]+ )? ws\n\n# -------------------------\n# Patterns\n# -------------------------\npostalcode ::= ( \""\\\""\"" [0-9]{5} ( \""-\"" [0-9]{4} )? \""\\\""\"" | \""\\\""\\\""\"" ) ws\nidlike     ::= ( \""\\\""\"" [0-9]{7,8} \""\\\""\"" | \""\\\""\\\""\"" ) ws\n\n# Optional space\nws     ::= ([ \\t\\n])?\n"", ""date"": ""2025-10-21 19:38:39""}}","['2023-06-15', '1965-05-20,', '2023-06-20']","['2023-06-15', '1965-05-20,', '2023-06-20']",[],[],['John'],['Smith'],['Johnson'],['John'],['Mr.'],['1965-05-20'],['2023-06-15'],['2023-06-20'],['2023-06-20'],['1965-05-20'],['58'],['555-0199'],['555-0199'],['jsmith@example.com'],['1234567890'],['1234567890'],['1234567890'],['1234567890'],['1234567890'],"['123 Heart Lane, Cardiotown, CA, 90210']",['123 Heart Lane'],['123'],['Cardiotown'],['CA'],['90210'],['90210'],['CA'],['1234567890'],['1234567890'],['1234567890'],['1234567890'],['1234567890'],['1234567890'],['https://example.com'],['1234567890'],['1234567890'],['12345678'],['Dr. Emily Brown'],['Brown'],"['John', 'Smith', 'Johnson', 'John', 'Mr.', '1965-05-20', '2023-06-15', '2023-06-20', '2023-06-20', '1965-05-20', '58', '555-0199', '555-0199', 'jsmith@example.com', '1234567890', '1234567890', '1234567890', '1234567890', '1234567890', '123 Heart Lane, Cardiotown, CA, 90210', '123 Heart Lane', '123', 'Cardiotown', 'CA', '90210', '90210', 'CA', '1234567890', '1234567890', '1234567890', '1234567890', '1234567890', '1234567890', 'https://example.com', '1234567890', '1234567890', '12345678', 'Dr. Emily Brown', 'Brown']","The patient, ■■■■ ■■■■■, was admitted to the cardiology unit on ■■■■■■■■■■ following complaints of chest pain. His date of birth is ■■■■■■■■■■, making him ■■ years old. He resides at ■■■■■■■■■■■■■■■■■■■■■■■■■■■■■■■■■■■■■. During the admission, his primary cardiologist, ■■■■■■■■■■■■■■■, diagnosed him with acute coronary syndrome. The patient was discharged on ■■■■■■■■■■ with a follow-up appointment scheduled in two weeks. For any further inquiries, he can be contacted at ■■■■■■■■ or via email at ■■■■■■■■■■■■■■■■■■."
note_cardiology_formal_20251011_201930_0011.txt$b4b8abd4-b9a6-47ec-900e-20eb41ee20eb,"Patient [NAME_1], a 64-year-old male, was admitted to our cardiology unit on [DATE_1] for evaluation of chest pain. He resides at [ADDRESS_1], and can be contacted at [PHONE_1]. Upon admission, it was noted that his blood pressure was elevated, and he has a long-standing history of hypertension. His health plan beneficiary number is [SSN_1], and his cardiologist, [NAME_2] [NAME_3], has prescribed adjustments to his medication. He is scheduled for discharge on [DATE_2]","{""doc_id"": ""note_cardiology_formal_20251011_201930_0011.txt$b4b8abd4-b9a6-47ec-900e-20eb41ee20eb"", ""placeholders"": [{""ph"": ""[NAME_1]"", ""type"": ""NAME"", ""span"": {""start"": 8, ""end"": 16}, ""surface"": ""John Doe"", ""attrs"": {""source_key"": ""patientName"", ""name_signature"": [""doe"", ""j""]}}, {""ph"": ""[DATE_1]"", ""type"": ""DATE"", ""span"": {""start"": 77, ""end"": 90}, ""surface"": ""July 12, 2023"", ""attrs"": {""source_key"": ""_verbatim_date_spans"", ""name_signature"": null}}, {""ph"": ""[ADDRESS_1]"", ""type"": ""ADDRESS"", ""span"": {""start"": 135, ""end"": 165}, ""surface"": ""123 Heart Lane, Cardiotown, TX"", ""attrs"": {""source_key"": ""patientAddress"", ""name_signature"": null}}, {""ph"": ""[PHONE_1]"", ""type"": ""PHONE"", ""span"": {""start"": 191, ""end"": 205}, ""surface"": ""(555) 123-4567"", ""attrs"": {""source_key"": ""_all_phone_spans"", ""name_signature"": null}}, {""ph"": ""[SSN_1]"", ""type"": ""SSN"", ""span"": {""start"": 364, ""end"": 376}, ""surface"": ""HPB123456789"", ""attrs"": {""source_key"": ""patientSSN"", ""name_signature"": null}}, {""ph"": ""[NAME_2]"", ""type"": ""NAME"", ""span"": {""start"": 400, ""end"": 409}, ""surface"": ""Dr. Emily"", ""attrs"": {""source_key"": ""doctorFirstName"", ""name_signature"": [""emily"", null]}}, {""ph"": ""[NAME_3]"", ""type"": ""NAME"", ""span"": {""start"": 410, ""end"": 415}, ""surface"": ""Smith"", ""attrs"": {""source_key"": ""doctorLastName"", ""name_signature"": [""smith"", null]}}, {""ph"": ""[DATE_2]"", ""type"": ""DATE"", ""span"": {""start"": 496, ""end"": 510}, ""surface"": ""July 15, 2023."", ""attrs"": {""source_key"": ""_verbatim_date_spans"", ""name_signature"": null}}]}",{"replacements": []},"Patient [NAME_1], a 64-year-old male, was admitted to our cardiology unit on [DATE_1] for evaluation of chest pain. He resides at [ADDRESS_1], and can be contacted at [PHONE_1]. Upon admission, it was noted that his blood pressure was elevated, and he has a long-standing history of hypertension. His health plan beneficiary number is [SSN_1], and his cardiologist, [NAME_2] [NAME_3], has prescribed adjustments to his medication. He is scheduled for discharge on [DATE_2]","Patient John Doe, a 64-year-old male, was admitted to our cardiology unit on July 12, 2023 for evaluation of chest pain. He resides at 123 Heart Lane, Cardiotown, TX, and can be contacted at (555) 123-4567. Upon admission, it was noted that his blood pressure was elevated, and he has a long-standing history of hypertension. His health plan beneficiary number is HPB123456789, and his cardiologist, Dr. Emily Smith, has prescribed adjustments to his medication. He is scheduled for discharge on July 15, 2023.","{""preprocessing"": {""date"": ""2025-10-20 01:53:07""}, ""llm_processing"": {""model_name"": ""tinyllama-1.1b-chat-v1.0.Q4_K_M.gguf"", ""prompt"": ""You are a helpful medical assistant. Below you will find reports. Please extract the requested information verbatim from the report. Make sure you the content you ouput follows exactly the same format such as data and address as in the original report. If you do not find the information, respond with null. Please generate in the same format as in the text. \n\nThis is the report:\n{report}"", ""symptoms"": [""Patienteninfos""], ""temperature"": 0.1, ""n_predict"": 4000, ""ctx_size"": 5096, ""grammar"": ""\nroot   ::= allrecords\nvalue  ::= object | array | string | number | (\""true\"" | \""false\"" | \""null\"") ws\nageval ::= \""\\\""\\\""\"" ws | \""\\\""\"" [0-9]{1,3} ( \"" \""?( \""years\"" | \""year\"" | \""yrs\"" | \""yo\"" ) )? \""\\\""\"" ws\n\n# -------------------------\n# All HIPAA identifiers as fields (strings or empty \""\""), plus existing fields\n# -------------------------\nallrecords ::= (\n  \""{\""\n  ws \""\\\""patientFirstName\\\"":\"" ws string \"",\""\n  ws \""\\\""patientMiddleName\\\"":\"" ws string \"",\""\n  ws \""\\\""patientLastName\\\"":\"" ws string \"",\""\n  ws \""\\\""patientName\\\"":\"" ws string \"",\""\n  ws \""\\\""patientHonorific\\\"":\"" ws string \"",\""\n\n  ws \""\\\""patientBirthDate\\\"":\"" ws string \"",\""\n  ws \""\\\""admissionDate\\\"":\"" ws string \"",\""\n  ws \""\\\""dischargeDate\\\"":\"" ws string \"",\""\n  ws \""\\\""deathDate\\\"":\"" ws string \"",\""\n  ws \""\\\""otherDateElements\\\"":\"" ws string \"",\""\n  ws \""\\\""patientAge\\\"":\"" ws ageval \"",\""\n\n  ws \""\\\""patientPhoneNumber\\\"":\"" ws string \"",\""\n  ws \""\\\""patientFaxNumber\\\"":\"" ws string \"",\""\n  ws \""\\\""patientEmail\\\"":\"" ws string \"",\""\n\n  ws \""\\\""patientSSN\\\"":\"" ws string \"",\""\n  ws \""\\\""patientMRN\\\"":\"" ws string \"",\""\n  ws \""\\\""healthPlanBeneficiaryNumber\\\"":\"" ws string \"",\""\n  ws \""\\\""accountNumber\\\"":\"" ws string \"",\""\n  ws \""\\\""certificateOrLicenseNumber\\\"":\"" ws string \"",\""\n\n  ws \""\\\""patientAddress\\\"":\"" ws string \"",\""\n  ws \""\\\""patientStreet\\\"":\"" ws string \"",\""\n  ws \""\\\""patientHouseNumber\\\"":\"" ws string \"",\""\n  ws \""\\\""patientCity\\\"":\"" ws string \"",\""\n  ws \""\\\""patientCounty\\\"":\"" ws string \"",\""\n  ws \""\\\""patientPrecinct\\\"":\"" ws string \"",\""\n  ws \""\\\""patientPostalCode\\\"":\"" ws postalcode \"",\""\n  ws \""\\\""patientState\\\"":\"" ws string \"",\""\n  ws \""\\\""geocode\\\"":\"" ws string \"",\""\n\n  ws \""\\\""vehicleIdentifier\\\"":\"" ws string \"",\""\n  ws \""\\\""vehicleVIN\\\"":\"" ws string \"",\""\n  ws \""\\\""vehicleLicensePlate\\\"":\"" ws string \"",\""\n\n  ws \""\\\""deviceIdentifier\\\"":\"" ws string \"",\""\n  ws \""\\\""deviceSerialNumber\\\"":\"" ws string \"",\""\n\n  ws \""\\\""url\\\"":\"" ws string \"",\""\n  ws \""\\\""ipAddress\\\"":\"" ws string \"",\""\n\n  ws \""\\\""otherUniqueIdOrCode\\\"":\"" ws string \"",\""\n\n  ws \""\\\""patientID\\\"":\"" ws idlike \"",\""\n  ws \""\\\""doctorFirstName\\\"":\"" ws string \"",\""\n  ws \""\\\""doctorLastName\\\"":\"" ws string \"",\""\n  ws \""}\""\n)\n\n# -------------------------\n# JSON value forms\n# -------------------------\nrecord ::= (\n    \""{\""\n    ws \""\\\""excerpt\\\"":\"" ws ( string | \""null\"" ) \"",\""\n    ws \""\\\""present\\\"":\"" ws (\""true\"" | \""false\"") ws\n    ws \""}\""\n    ws\n)\n\nobject ::= \""{\"" ws ( string \"":\"" ws value (\"",\"" ws string \"":\"" ws value)* )? \""}\"" ws\narray  ::= \""[\"" ws ( value (\"",\"" ws value)* )? \""]\"" ws\n\n# -------------------------\n# Strings / numbers\n# -------------------------\nchar   ::= [^\""\\\\] | \""\\\\\"" ([\""\\\\/bfnrt] | \""u\"" [0-9a-fA-F]{4})\nstring ::= \""\\\""\"" (char)* \""\\\""\"" ws\nnumber ::= \""-\""? ( [0-9] | [1-9] [0-9]* ) (\"".\"" [0-9]+)? ( [eE] [-+]? [0-9]+ )? ws\n\n# -------------------------\n# Patterns\n# -------------------------\npostalcode ::= ( \""\\\""\"" [0-9]{5} ( \""-\"" [0-9]{4} )? \""\\\""\"" | \""\\\""\\\""\"" ) ws\nidlike     ::= ( \""\\\""\"" [0-9]{7,8} \""\\\""\"" | \""\\\""\\\""\"" ) ws\n\n# Optional space\nws     ::= ([ \\t\\n])?\n"", ""date"": ""2025-10-21 19:38:39""}}","['July 15, 2023.', 'July 12, 2023']","['July 15, 2023.', 'July', 'July 12, 2023']",[],['(555) 123-4567'],['John'],['Doe'],['Doctor'],['John Doe'],['John Doe'],['1964-07-12'],['2023-07-12'],['2023-07-15'],['2023-07-15'],['2023-07-12'],['64'],['555'],['123'],['johndoe@cardiotown.com'],['HPB123456789'],['123456789'],['HPB123456789'],['123456789'],['123456789'],"['123 Heart Lane, Cardiotown, TX']",['Street 1'],['1'],['Cardiotown'],['TX'],['1'],['78901'],['TX'],['123456789'],['123456789'],['123456789'],['123456789'],['123456789'],['123456789'],['https://www.cardiotown.com'],['123456789'],['123456789'],['12345678'],['Dr. Emily'],['Smith'],"['John', 'Doe', 'Doctor', 'John Doe', 'John Doe', '1964-07-12', '2023-07-12', '2023-07-15', '2023-07-15', '2023-07-12', '64', '555', '123', 'johndoe@cardiotown.com', 'HPB123456789', '123456789', 'HPB123456789', '123456789', '123456789', '123 Heart Lane, Cardiotown, TX', 'Street 1', '1', 'Cardiotown', 'TX', '1', '78901', 'TX', '123456789', '123456789', '123456789', '123456789', '123456789', '123456789', 'https://www.cardiotown.com', '123456789', '123456789', '12345678', 'Dr. Emily', 'Smith']","Patient ■■■■■■■■, a ■■-year-old male, was admitted to our cardiology unit on July ■2, 2023 for evaluation of chest pain. He resides at ■■■■■■■■■■■■■■■■■■■■■■■■■■■■■■, and can be contacted at (■■■) ■■■-4567. Upon admission, it was noted that his blood pressure was elevated, and he has a long-standing history of hypertension. His health plan beneficiary number is ■■■■■■■■■■■■, and his cardiologist, ■■■■■■■■■ ■■■■■, has prescribed adjustments to his medication. He is scheduled for discharge on July ■5, 2023."
,,,,,,,,,,,,,,,,,,,,,,,,,,,,,,,,,,,,,,,,,,,,,,,,,,,
,,,,,,,,,,,,,,,,,,,,,,,,,,,,,,,,,,,,,,,,,,,,,,,,,,,
,,,,,,,,,,,,,,,,,,,,,,,,,,,,,,,,,,,,,,,,,,,,,,,,,,,
,,,,,,,,,,,,,,,,,,,,,,,,,,,,,,,,,,,,,,,,,,,,,,,,,,,
,,,,,,,,,,,,,,,,,,,,,,,,,,,,,,,,,,,,,,,,,,,,,,,,,,,
,," 
Name:  ___                     Unit No:   ___
 
Admission Date:  ___              Discharge Date:   ___
 
Date of Birth:  ___             Sex:   F
 
Service: MEDICINE
 
Allergies: 
Percocet
 
Attending: ___.
 
Chief Complaint:
abdominal fullness and discomfort
 
Major Surgical or Invasive Procedure:
___ diagnostic paracentesis
___ therapeutic paracentesis

 
History of Present Illness:
___ with HIV on HAART, COPD, HCV cirrhosis complicated by 
ascites and HE admitted with abdominal distention and pain. She 
was admitted to ___ for the same symptoms 
recently and had 3L fluid removed (no SBP) three days ago and 
felt better. Since discharge, her abdomen has become 
increasingly distended with pain. This feels similar to prior 
episodes of ascites.  
Her diuretics were recently decreased on ___ due to worsening 
hyponatremia 128 and hyperkalemia 5.1. Patient states she has 
been compliant with her HIV and diuretic medications but never 
filled out the lactulose prescription. She states she has had 
___ BMs daily at home. She has had some visual hallucinations 
and forgetfulness. Her appetite has been poor.  
In the ED, initial vitals were 98.9 88 116/88 18 97% RA. CBC 
near baseline, INR 1.4, Na 125, Cr 0.6. AST and ALT mildly above 
baseline 182 and 126 and albumin 2.8. Diagnostic para with 225 
WBC, 7% PMN, total protein 0.3. UA with few bact, 6 WBC, mod 
leuk, neg nitr, but contaminated with 6 epi. CXR clear. RUQ US 
with no PV thrombus, moderate ascites. She was given ondansetron 
4mg IV and morphine 2.5mg IV x1 in the ED.  
On the floor, she is feeling improved but still has abdominal 
distention and discomfort.  
ROS: +Abdominal distention and pain. No black/bloody stools. No 
___ pain or swelling. No fevers or chills. Denies chest pain, 
nausea, vomiting. No dysuria or frequency. 
 
Past Medical History:
1. HCV Cirrhosis  
2. No history of abnormal Pap smears.  
3. She had calcification in her breast, which was removed  
previously and per patient not, it was benign.  
4. For HIV disease, she is being followed by Dr. ___ Dr.  
___.  
5. COPD  
6. Past history of smoking.  
7. She also had a skin lesion, which was biopsied and showed  
skin cancer per patient report and is scheduled for a complete  
removal of the skin lesion in ___ of this year.  
8. She also had another lesion in her forehead with purple  
discoloration. It was biopsied to exclude the possibility of  
___'s sarcoma, the results is pending.  
9. A 15 mm hypoechoic lesion on her ultrasound on ___  
and is being monitored by an MRI.  
10. History of dysplasia of anus in ___.  
11. Bipolar affective disorder, currently manic, mild, and PTSD. 
 
12. History of cocaine and heroin use.  

 
Social History:
___
Family History:
She a total of five siblings, but she is not  talking to most of 
them. She only has one brother that she is in  touch with and 
lives in ___. She is not aware of any known GI or liver 
disease in her family.  
 
Physical Exam:
ADMISSION PHYSICAL EXAM:  
VS: T98.1 105/57 79 20 97RA 44.6kg  
GENERAL: Thin chronically ill appearing woman in no acute 
distress  
HEENT: Sclera anicteric, MMM, no oral lesions  
HEART: RRR, normal S1 S2, no murmurs  
LUNGS: Clear, no wheezes, rales, or rhonchi  
ABD: Significant distention with visible veins, bulging flanks, 
nontender to palpation, tympanitic on percussion, normal bowel 
sounds  
EXT: no ___ edema, 2+ DP and ___ pulses  
NEURO: alert and oriented, not confused, no asterixis

DISCHARGE PE:
VS: T 98.4 BP 95/55 (SBP ___ HR 80 RR 18 O2 95RA  
I/O 240/150 this am  
GENERAL: Thin chronically ill appearing woman in no acute 
distress  
HEENT: Sclera anicteric, MMM, no oral lesions  
HEART: RRR, normal S1 S2, no murmurs  
LUNGS: Clear, no wheezes, rales, or rhonchi  
ABD: Significant distention with visible veins, bulging flanks, 
nontender to palpation, tympanitic on percussion, normal bowel 
sounds  
EXT: no ___ edema, 2+ DP and ___ pulses  
NEURO: alert and oriented, not confused, no asterixis
 
Pertinent Results:
LABS ON ADMISSION:
___ 04:10PM BLOOD ___ 
___ Plt ___
___ 04:10PM BLOOD ___ 
___
___ 04:10PM BLOOD ___ 
___
___ 04:10PM BLOOD ___ 
___
___ 04:10PM BLOOD ___
___ 04:39PM BLOOD ___

LABS ON DISCHARGE:
___ 05:10AM BLOOD ___ 
___ Plt ___
___ 05:10AM BLOOD ___ ___
___ 05:10AM BLOOD ___ 
___
___ 05:10AM BLOOD ___ 
___
___ 05:10AM BLOOD ___

MICRO:
___ 10:39 pm URINE      Source: ___. 

                            **FINAL REPORT ___

   URINE CULTURE (Final ___: 
      MIXED BACTERIAL FLORA ( >= 3 COLONY TYPES), CONSISTENT 
WITH SKIN
      AND/OR GENITAL CONTAMINATION. 

___ 7:00 pm PERITONEAL FLUID      PERITONEAL FLUID. 

   GRAM STAIN (Final ___: 
      1+    (<1 per 1000X FIELD):   POLYMORPHONUCLEAR 
LEUKOCYTES. 
      NO MICROORGANISMS SEEN. 
      This is a concentrated smear made by cytospin method, 
please refer to
      hematology for a quantitative white blood cell count.. 

   FLUID CULTURE (Final ___:    NO GROWTH. 

   ANAEROBIC CULTURE (Preliminary):    NO GROWTH.

___ 7:00 pm PERITONEAL FLUID      PERITONEAL FLUID. 

   GRAM STAIN (Final ___: 
      1+    (<1 per 1000X FIELD):   POLYMORPHONUCLEAR 
LEUKOCYTES. 
      NO MICROORGANISMS SEEN. 
      This is a concentrated smear made by cytospin method, 
please refer to
      hematology for a quantitative white blood cell count.. 

   FLUID CULTURE (Final ___:    NO GROWTH. 

   ANAEROBIC CULTURE (Preliminary):    NO GROWTH. 

Diagnositc Para:
___ 07:00PM ASCITES ___ 
___
___ 07:00PM ASCITES ___

IMAGING:
___ CXR- No acute cardiopulmonary abnormality.  
___ RUQ US-  
1. Extremely coarse and nodular liver echotexture consistent 
with a history of cirrhosis.  
2. Moderate ascites.  
3. Patent portal vein.
 
Brief Hospital Course:
___ with HIV on HAART, HCV cirrhosis with ascites and HE, h/o 
IVDU, COPD, bipolar disorder presents with abdominal discomfort 
due to ___ ascites.  
 
# ASCITES. Now diuretic refractory given last tap was three days 
ago with 3L removed and she has already built up moderate 
ascites. Infectious workup negative, with CXR clear, UA 
contaminated but not grossly positive so will f/u culture, 
diagnostic para with only 225 WBC, RUQ US with no PV thrombus. 
Compliant with diuretics but not following low sodium diet or 
fluid restriction. Dr. ___ discussed possible TIPS in 
the office but due to lung disease, that was on hold pending 
further cardiac evaluation. Diuretics were recently decreased 
due to hyponatremia and hyperkalemia. Held spironolactone for 
now due to K 5.2 and increased lasix 20 -> 40. No evidence of 
severe hyponatremia (Na<120) or renal failure Cr>2.0 to stop 
diuretics at present. Diagnostic paracentesis negative for 
infection. Ascitic total protein 0.3 so warrants SBP prophylaxis 
(<1.0) and fortunately already on Bactrim for PCP prophylaxis 
which would be appropriate for SBP ppx also. Patient did admit 
to eating pizza and some ___ food prior to 
admission. She had therapeutic paracentesis with 4.3L removed 
and received 37.5G albumin IV post procedure. She felt much 
better with resolution of abdominal discomfort. Patient is 
scheduled for repeat paracentesis as outpatient on ___.  

# HEPATIC ENCEPHALOPATHY. History of HE from Hep C cirrhosis. 
Now with mild encephalopathy (hallucinations and forgetfulness) 
due to medication noncompliance, but not acutely encephalopathic 
and without asterixis on exam. Infectious workup negative thus 
far. Continue lactulose 30mL TID and titrate to 3 BMs daily and 
continue rifaximin 550mg BID. 
 
# HYPONATREMIA. Na 125 on admission, 128 four days ago, and 135 
one month ago. Likely due to third spacing from worsening 
ascites and fluid overload. 1.5L fluid restriction, low salt 
diet. S/p therapeutic paracentesis with albumin replacement.

# CIRRHOSIS, HEPATITIS C. MELD score of 10 and Child's ___ 
class B on this admission. Now decompensated due to ascites. 
Hepatitis C genotype IIIB. Dr. ___ starting 
___ and ___ with patient in clinic and the 
insurance process was started by her office. No history of EGD, 
needs this as outpatient for varices screening.  
 
# NUTRITION. Unclear if truly compliant with low salt diet. Poor 
oral intake. Low albumin 2.8 on admission. Met with nutrition. 
 
# COAGULOPATHY. INR 1.4 four days ago. No evidence of active 
bleeding. Very mild thrombocytopenia with plts 143.  
 
# HIV. Most recent CD4 173. On HAART. No established ID 
provider. Continue Truvada and Isentress, Bactrim DS daily for 
PCP ___. Needs outpatient ID appointment  

# COPD. Stable. States she is on intermittent home O2 for 
comfort at night and with abdominal distentiom. Continued home 
COPD meds and home O2 as needed 

**Transitional Issues**
- Discontinued spironolactone ___ elevated potassium
- Increased furosemide to 40mg daily
- Please recheck electrolytes at next visit
- Had paracentesis ___ with 4.3 L removed, received 37.5G 
albumin
- Needs outpatient ID provider
- ___ needs more frequent paracentesis
 
Medications on Admission:
The Preadmission Medication list is accurate and complete.
1. Albuterol Inhaler 2 PUFF IH Q6H:PRN wheezing, SOB 
2. ___ (Truvada) 1 TAB PO DAILY 
3. Furosemide 20 mg PO DAILY 
4. Raltegravir 400 mg PO BID 
5. Spironolactone 50 mg PO DAILY 
6. Acetaminophen 500 mg PO Q6H:PRN pain,fever 
7. Tiotropium Bromide 1 CAP IH DAILY 
8. Rifaximin 550 mg PO BID 
9. Calcium Carbonate 1250 mg PO BID 
10. Lactulose 15 mL PO TID 
11. Sulfameth/Trimethoprim DS 1 TAB PO DAILY 

 
Discharge Medications:
1. Acetaminophen 500 mg PO Q6H:PRN pain,fever 
2. Albuterol Inhaler 2 PUFF IH Q6H:PRN wheezing, SOB 
3. Calcium Carbonate 1250 mg PO BID 
4. ___ (Truvada) 1 TAB PO DAILY 
5. Furosemide 40 mg PO DAILY 
6. Lactulose 15 mL PO TID 
7. Raltegravir 400 mg PO BID 
8. Rifaximin 550 mg PO BID 
9. Sulfameth/Trimethoprim DS 1 TAB PO DAILY 
10. Tiotropium Bromide 1 CAP IH DAILY 

 
Discharge Disposition:
Home
 
Discharge Diagnosis:
Primary:  diuretic refractory ascites
Secondary: HCV cirrhosis, HIV, hyponatremia, COPD

 
Discharge Condition:
Mental Status: Clear and coherent.
Level of Consciousness: Alert and interactive.
Activity Status: Ambulatory - Independent.

 
Discharge Instructions:
Dear ___,

___ was a pleasure to take care of you at ___ 
___. You were admitted with abdominal fullness and 
pain from your ascites. You had a diagnostic and therapeutic 
paracentesis with 4.3 L removed. Your spironolactone was 
discontinued because your potassium was high. Your lasix was 
increased to 40mg daily. You are scheduled for another 
paracentesis on ___ prior to your other appointments that day. 
Please call tomorrow to find out the time of the paracentesis. 
Please continue to follow a low sodium diet and fluid 
restriction. You should call your liver doctor or return to the 
emergency room if you have abdominal pain, fever, chills, 
confusion, or other concerning symptoms.

Sincerely,
Your ___ medical team
 
Followup Instructions:
___
",,,,,,,,,,,,,,,,,,,,,,,,,,,,,,,,,,,,,,,,,,,,,,,,,
